<?xml version="1.0" encoding="UTF-8"?>
<project-private xmlns="http://www.netbeans.org/ns/project-private/1">
    <editor-bookmarks xmlns="http://www.netbeans.org/ns/editor-bookmarks/2" lastBookmarkId="0"/>
    <open-files xmlns="http://www.netbeans.org/ns/projectui-open-files/2">
        <group>
            <file>file:/C:/Users/Admin/OneDrive/Documents/NetBeansProjects/BLOOD%20BANK%20MANAGEMENT%20SYSTEM/src/landing.java</file>
            <file>file:/C:/Users/Admin/OneDrive/Documents/NetBeansProjects/BLOOD%20BANK%20MANAGEMENT%20SYSTEM/src/Information.java</file>
            <file>file:/C:/Users/Admin/OneDrive/Documents/NetBeansProjects/BLOOD%20BANK%20MANAGEMENT%20SYSTEM/src/Decrease.java</file>
        </group>
    </open-files>
</project-private>
